{
  "info": {
    "name": "Library Management System API",
    "description": "Complete RESTful API for Library Management System",
    "version": "1.0.0"
  },
  "auth": {
    "type": "bearer",
    "bearer": [
      {
        "key": "token",
        "value": "{{auth_token}}",
        "type": "string"
      }
    ]
  },
  "variable": [
    {
      "key": "base_url",
      "value": "http://localhost:3000",
      "type": "string"
    },
    {
      "key": "auth_token",
      "value": "",
      "type": "string"
    }
  ],
  "item": [
    {
      "name": "Authentication",
      "item": [
        {
          "name": "Register User",
          "request": {
            "method": "POST",
            "header": [
              {
                "key": "Content-Type",
                "value": "application/json"
              }
            ],
            "body": {
              "mode": "raw",
              "raw": "{\n  \"name\": \"Test User\",\n  \"email\": \"test@library.com\",\n  \"password\": \"password123\",\n  \"membershipType\": \"BASIC\"\n}"
            },
            "url": {
              "raw": "{{base_url}}/api/auth/register",
              "host": [
                "{{base_url}}"
              ],
              "path": [
                "api",
                "auth",
                "register"
              ]
            }
          }
        },
        {
          "name": "Login User",
          "event": [
            {
              "listen": "test",
              "script": {
                "exec": [
                  "if (pm.response.code === 200) {",
                  "    const response = pm.response.json();",
                  "    pm.collectionVariables.set(\"auth_token\", response.data.token);",
                  "}"
                ]
              }
            }
          ],
          "request": {
            "method": "POST",
            "header": [
              {
                "key": "Content-Type",
                "value": "application/json"
              }
            ],
            "body": {
              "mode": "raw",
              "raw": "{\n  \"email\": \"john@library.com\",\n  \"password\": \"password123\"\n}"
            },
            "url": {
              "raw": "{{base_url}}/api/auth/login",
              "host": [
                "{{base_url}}"
              ],
              "path": [
                "api",
                "auth",
                "login"
              ]
            }
          }
        },
        {
          "name": "Get Profile",
          "request": {
            "method": "GET",
            "header": [
              {
                "key": "Authorization",
                "value": "Bearer {{auth_token}}"
              }
            ],
            "url": {
              "raw": "{{base_url}}/api/auth/me",
              "host": [
                "{{base_url}}"
              ],
              "path": [
                "api",
                "auth",
                "me"
              ]
            }
          }
        }
      ]
    },
    {
      "name": "Books",
      "item": [
        {
          "name": "Get All Books",
          "request": {
            "method": "GET",
            "url": {
              "raw": "{{base_url}}/api/books?page=1&limit=10",
              "host": [
                "{{base_url}}"
              ],
              "path": [
                "api",
                "books"
              ],
              "query": [
                {
                  "key": "page",
                  "value": "1"
                },
                {
                  "key": "limit",
                  "value": "10"
                }
              ]
            }
          }
        },
        {
          "name": "Search Books",
          "request": {
            "method": "GET",
            "url": {
              "raw": "{{base_url}}/api/books?search=gatsby&genre=Fiction",
              "host": [
                "{{base_url}}"
              ],
              "path": [
                "api",
                "books"
              ],
              "query": [
                {
                  "key": "search",
                  "value": "gatsby"
                },
                {
                  "key": "genre",
                  "value": "Fiction"
                }
              ]
            }
          }
        },
        {
          "name": "Get Book by ID",
          "request": {
            "method": "GET",
            "url": {
              "raw": "{{base_url}}/api/books/book1",
              "host": [
                "{{base_url}}"
              ],
              "path": [
                "api",
                "books",
                "book1"
              ]
            }
          }
        },
        {
          "name": "Add New Book",
          "request": {
            "method": "POST",
            "header": [
              {
                "key": "Content-Type",
                "value": "application/json"
              },
              {
                "key": "Authorization",
                "value": "Bearer {{auth_token}}"
              }
            ],
            "body": {
              "mode": "raw",
              "raw": "{\n  \"title\": \"New Book Title\",\n  \"author\": \"Author Name\",\n  \"ISBN\": \"978-1-234-56789-0\",\n  \"genre\": \"Fiction\",\n  \"publishedYear\": 2024,\n  \"totalQuantity\": 5,\n  \"description\": \"A great new book\"\n}"
            },
            "url": {
              "raw": "{{base_url}}/api/books",
              "host": [
                "{{base_url}}"
              ],
              "path": [
                "api",
                "books"
              ]
            }
          }
        },
        {
          "name": "Check Book Availability",
          "request": {
            "method": "GET",
            "url": {
              "raw": "{{base_url}}/api/books/book1/availability",
              "host": [
                "{{base_url}}"
              ],
              "path": [
                "api",
                "books",
                "book1",
                "availability"
              ]
            }
          }
        }
      ]
    },
    {
      "name": "Transactions",
      "item": [
        {
          "name": "Borrow Book",
          "request": {
            "method": "POST",
            "header": [
              {
                "key": "Content-Type",
                "value": "application/json"
              },
              {
                "key": "Authorization",
                "value": "Bearer {{auth_token}}"
              }
            ],
            "body": {
              "mode": "raw",
              "raw": "{\n  \"bookId\": \"book1\",\n  \"notes\": \"Looking forward to reading this!\"\n}"
            },
            "url": {
              "raw": "{{base_url}}/api/transactions/borrow",
              "host": [
                "{{base_url}}"
              ],
              "path": [
                "api",
                "transactions",
                "borrow"
              ]
            }
          }
        },
        {
          "name": "Return Book",
          "request": {
            "method": "POST",
            "header": [
              {
                "key": "Content-Type",
                "value": "application/json"
              },
              {
                "key": "Authorization",
                "value": "Bearer {{auth_token}}"
              }
            ],
            "body": {
              "mode": "raw",
              "raw": "{\n  \"transactionId\": \"trans1\",\n  \"condition\": \"GOOD\",\n  \"notes\": \"Great book!\"\n}"
            },
            "url": {
              "raw": "{{base_url}}/api/transactions/return",
              "host": [
                "{{base_url}}"
              ],
              "path": [
                "api",
                "transactions",
                "return"
              ]
            }
          }
        },
        {
          "name": "Get Borrowing History",
          "request": {
            "method": "GET",
            "header": [
              {
                "key": "Authorization",
                "value": "Bearer {{auth_token}}"
              }
            ],
            "url": {
              "raw": "{{base_url}}/api/transactions?page=1&limit=10",
              "host": [
                "{{base_url}}"
              ],
              "path": [
                "api",
                "transactions"
              ],
              "query": [
                {
                  "key": "page",
                  "value": "1"
                },
                {
                  "key": "limit",
                  "value": "10"
                }
              ]
            }
          }
        },
        {
          "name": "Renew Book",
          "request": {
            "method": "POST",
            "header": [
              {
                "key": "Authorization",
                "value": "Bearer {{auth_token}}"
              }
            ],
            "url": {
              "raw": "{{base_url}}/api/transactions/trans1/renew",
              "host": [
                "{{base_url}}"
              ],
              "path": [
                "api",
                "transactions",
                "trans1",
                "renew"
              ]
            }
          }
        }
      ]
    },
    {
      "name": "Users",
      "item": [
        {
          "name": "Get All Users",
          "request": {
            "method": "GET",
            "header": [
              {
                "key": "Authorization",
                "value": "Bearer {{auth_token}}"
              }
            ],
            "url": {
              "raw": "{{base_url}}/api/users",
              "host": [
                "{{base_url}}"
              ],
              "path": [
                "api",
                "users"
              ]
            }
          }
        },
        {
          "name": "Get User by ID",
          "request": {
            "method": "GET",
            "header": [
              {
                "key": "Authorization",
                "value": "Bearer {{auth_token}}"
              }
            ],
            "url": {
              "raw": "{{base_url}}/api/users/user1",
              "host": [
                "{{base_url}}"
              ],
              "path": [
                "api",
                "users",
                "user1"
              ]
            }
          }
        },
        {
          "name": "Get User Borrowed Books",
          "request": {
            "method": "GET",
            "header": [
              {
                "key": "Authorization",
                "value": "Bearer {{auth_token}}"
              }
            ],
            "url": {
              "raw": "{{base_url}}/api/users/user1/borrowed-books",
              "host": [
                "{{base_url}}"
              ],
              "path": [
                "api",
                "users",
                "user1",
                "borrowed-books"
              ]
            }
          }
        }
      ]
    }
  ]
}